,KNN,KNN_opt,SVC,SVC_opt,RFC,RFC_opt,GaussianNB,LogReg,LogReg_opt,LinearSVC,LinearSVC_opt
fit_time,0.007881927490234374,0.008649349212646484,0.03601298332214355,0.03477964401245117,0.14122300148010253,0.14131083488464355,0.009451675415039062,0.06279964447021484,0.01374049186706543,0.010031032562255859,0.00876774787902832
score_time,0.013820266723632813,0.010148048400878906,0.013621377944946288,0.014895296096801758,0.015381431579589844,0.014214038848876953,0.005713510513305664,0.006403732299804688,0.005843448638916016,0.006482458114624024,0.00543060302734375
test_precision,0.26666666666666666,0.26666666666666666,0.1424730615296653,0.11285808018172619,0.2833333333333333,0.26666666666666666,0.11494741506948722,0.1406820578640004,0.15678915891347048,0.35,0.35
train_precision,0.666010101010101,0.666010101010101,0.29420517218643705,0.1163657766493102,0.9456722071460877,0.9456722071460877,0.11917134991385078,0.1956889456455807,0.19422694876015445,0.5835497835497835,0.5621212121212121
test_recall,0.026666666666666665,0.026666666666666665,0.33416666666666667,0.9866666666666667,0.06333333333333332,0.1025,0.96,0.43666666666666665,0.42333333333333334,0.03833333333333333,0.03833333333333333
train_recall,0.09288274449564772,0.09288274449564772,0.6891961085509474,1.0,1.0,1.0,0.993599590373784,0.5864311315924219,0.5064516129032258,0.08356374807987711,0.08356374807987711
test_f1,0.04722222222222222,0.04722222222222222,0.1951258289877216,0.20253756423259378,0.10327485380116959,0.14702665755297334,0.20525781122696043,0.2110754309414144,0.22639710344125147,0.06705882352941177,0.06705882352941177
train_f1,0.16208309398863477,0.16208309398863477,0.41024947308069776,0.2084558443260732,0.9720184498963569,0.9720184498963569,0.21275882596577,0.29283753422391473,0.2801420698164884,0.14572696452688735,0.1452440671425815
