,KNN,KNN_opt,SVC,SVC_opt,RFC,RFC_opt,GaussianNB,LogReg,LogReg_opt
fit_time,0.003653144836425781,0.003934717178344727,0.010825395584106445,0.014234209060668945,0.0603827953338623,0.06666445732116699,0.004191398620605469,0.034964704513549806,0.018770360946655275
score_time,0.007142782211303711,0.004519271850585938,0.005498170852661133,0.00652618408203125,0.006416034698486328,0.0065673828125,0.0026937484741210937,0.0028441905975341796,0.0025493621826171873
test_precision,0.26666666666666666,0.26666666666666666,0.1424730615296653,0.11386036801264458,0.2733333333333333,0.2642857142857143,0.11494741506948722,0.1406820578640004,0.16165389234811417
train_precision,0.666010101010101,0.666010101010101,0.29420517218643705,0.11433169690415246,0.9456722071460877,0.9456722071460877,0.11917134991385078,0.1956889456455807,0.19688353063135114
test_recall,0.026666666666666665,0.026666666666666665,0.33416666666666667,1.0,0.06333333333333332,0.1025,0.96,0.43666666666666665,0.4608333333333333
train_recall,0.09288274449564772,0.09288274449564772,0.6891961085509474,1.0,1.0,1.0,0.993599590373784,0.5864311315924219,0.5224270353302611
test_f1,0.04722222222222222,0.04722222222222222,0.1951258289877216,0.20442735582567045,0.10232247284878863,0.14674433118369046,0.20525781122696043,0.2110754309414144,0.23703196072160876
train_f1,0.16208309398863477,0.16208309398863477,0.41024947308069776,0.2052001400387838,0.9720184498963569,0.9720184498963569,0.21275882596577,0.29283753422391473,0.2848286919037566
