,KNN,KNN_opt,SVC,SVC_opt,RFC,RFC_opt,GaussianNB,LogReg,LogReg_opt,LinearSVC,LinearSVC_opt
fit_time,0.027635669708251952,0.03858828544616699,0.08261184692382813,0.08160839080810547,0.6745729446411133,0.21799640655517577,0.01642909049987793,0.1220487117767334,0.028855657577514647,0.02187199592590332,0.047412967681884764
score_time,0.07405486106872558,0.05543031692504883,0.03435416221618652,0.0508028507232666,0.06662964820861816,0.02670917510986328,0.010944747924804687,0.014534902572631837,0.013096380233764648,0.012115859985351562,0.015892410278320314
test_precision,0.26666666666666666,0.26666666666666666,0.1424730615296653,0.11386036801264458,0.2833333333333333,0.26666666666666666,0.11494741506948722,0.1406820578640004,0.15678915891347048,0.35,0.35
train_precision,0.666010101010101,0.666010101010101,0.29420517218643705,0.11433169690415246,0.9456722071460877,0.9456722071460877,0.11917134991385078,0.1956889456455807,0.19422694876015445,0.5835497835497835,0.5621212121212121
test_recall,0.026666666666666665,0.026666666666666665,0.33416666666666667,1.0,0.06333333333333332,0.1025,0.96,0.43666666666666665,0.42333333333333334,0.03833333333333333,0.03833333333333333
train_recall,0.09288274449564772,0.09288274449564772,0.6891961085509474,1.0,1.0,1.0,0.993599590373784,0.5864311315924219,0.5064516129032258,0.08356374807987711,0.08356374807987711
test_f1,0.04722222222222222,0.04722222222222222,0.1951258289877216,0.20442735582567045,0.10327485380116959,0.14702665755297334,0.20525781122696043,0.2110754309414144,0.22639710344125147,0.06705882352941177,0.06705882352941177
train_f1,0.16208309398863477,0.16208309398863477,0.41024947308069776,0.2052001400387838,0.9720184498963569,0.9720184498963569,0.21275882596577,0.29283753422391473,0.2801420698164884,0.14572696452688735,0.1452440671425815
