,Smokes,Smokes (years),Smokes (packs/year)
Smokes,1.0,0.9955942956793625,0.9955913629593545
Smokes (years),0.9955942956793625,1.0,0.9971721757998407
Smokes (packs/year),0.9955913629593545,0.9971721757998407,1.0
